Vetted_address,PWSID,geometry,GEOID,NAME,Race.estimate.total,B02001_001M,Race.white.alone,B02001_002M,Race.black.alone,B02001_003M,Race.native.alone,B02001_004M,Race.asian.alone,B02001_005M,Race.PI.alone,B02001_006M,Race.someother.alone,B02001_007M,Race.twoplus,B02001_008M,Median.hh.income,B19013_001M,Tenure.estimate.total,B25003_001M,Tenure.owner,B25003_002M,Tenure.renter,B25003_003M
19021 Circle View Dr. Pinoeer CA 95666,CA0310015,"c(-120.5243563, 38.4664148)",06005000102,"Census Tract 1.02, Amador County, California",1713,349,1573,307,5,9,16,24,25,31,0,13,8,14,86,89,53250,14270,649,101,506,83,143,77
5545 THREE OAKS DRIVE IONE CA 95640,CA0310020,"c(-120.9189396, 38.2956688)",06005000304,"Census Tract 3.04, Amador County, California",4536,640,3946,546,7,14,9,33,23,38,0,13,224,232,327,192,78305,9558,1507,212,1182,214,325,91
9420 Putney Dr. Durham CCA 95938,CA0400066,"c(-121.8024984, 39.6469927)",06007001500,"Census Tract 15, Butte County, California",6073,1081,5293,1069,204,239,0,19,279,180,0,19,125,169,172,141,102692,37856,1944,288,1383,263,561,195
4541 Wilder Drive CHICO CA 95928,CA0400091,"c(-121.6916884, 39.778231)",06007001602,"Census Tract 16.02, Butte County, California",3310,485,3088,493,30,47,0,13,87,63,0,13,55,68,50,51,97429,28807,1300,203,1124,210,176,106
316 Walnut Tree Dr. Colusa CA 95932,CA0600011,"c(-122.0149495, 39.1905156)",06011000200,"Census Tract 2, Colusa County, California",4914,449,4102,387,125,86,92,63,64,64,9,15,106,108,416,337,44903,20340,1882,164,1248,175,634,115
6061 Lone Tree Way Brentwood CA 94513,CA0706108,"c(-121.7401173, 37.9601728)",06013303209,"Census Tract 3032.09, Contra Costa County, California",5953,968,2187,454,642,300,41,46,1631,538,24,38,1066,795,362,252,138161,30959,1573,309,1256,332,317,124
50 Birch St. Brentwood 94513,CA0707557,"c(-121.6900834, 37.931503)",06013303107,"Census Tract 3031.07, Contra Costa County, California",7022,904,3574,460,1416,861,162,110,618,311,117,149,727,395,408,236,97424,15667,2086,255,1316,268,770,197
83 Solano Ave. Pittsburg CA 94565,CA0707558,"c(-121.9400449, 38.0288431)",06013314103,"Census Tract 3141.03, Contra Costa County, California",5167,673,1494,408,683,234,7,11,717,241,0,19,1852,611,414,236,62235,10232,1415,134,585,108,830,129
3049 W Willow Rd. Bethel Island CA 94511,CA0707602,"c(-121.6388494, 38.0460163)",06013301000,"Census Tract 3010, Contra Costa County, California",5265,792,3890,723,484,275,0,19,209,111,0,19,426,267,256,131,78500,21616,1834,283,1346,199,488,223
"4100 CA-169, Klamath CA 95548",CA0800613,"c(-123.990691, 41.5191284)",06015000203,"Census Tract 2.03, Del Norte County, California",1123,154,637,111,17,12,342,106,1,3,0,13,56,52,70,39,38092,7703,439,80,334,80,105,28
3800 NORTH SHINGLE RD SHINGLE SPRINGS CA 95682,CA0900108,"c(-120.9328381, 38.6659207)",06017030812,"Census Tract 308.12, El Dorado County, California",6094,992,5543,1003,0,19,0,19,103,70,0,19,62,80,386,224,74448,14383,2305,291,1528,205,777,189
6280 CA-49 Lotus CA 95651,CA0900211,"c(-120.942073, 38.8263433)",06017030606,"Census Tract 306.06, El Dorado County, California",4681,957,4345,897,28,48,32,41,8,15,0,13,190,240,78,54,74349,17976,1817,379,1744,388,73,59
2659 Lake Tahoe Blvd. South Lake Tahoe CA 96150,CA0900539,"c(-119.982951, 38.9281623)",06017030302,"Census Tract 303.02, El Dorado County, California",2684,478,2466,483,36,43,16,24,63,90,0,13,2,5,101,129,51434,27345,1282,266,419,123,863,268
947 Park Ave. South Lake Tahoe CA 96150,CA0900548,"c(-119.9462955, 38.9565948)",06017031601,"Census Tract 316.01, El Dorado County, California",1519,451,1180,390,0,13,0,13,118,117,0,13,183,164,38,45,39231,16903,698,165,84,61,614,143
2187 LAKE TAHOE BLVD SOUTH LAKE TAHOE CA 96150,CA0900555,"c(-119.9984829, 38.9176564)",06017030404,"Census Tract 304.04, El Dorado County, California",2244,604,1887,541,21,30,0,13,60,70,0,13,78,112,198,137,67339,19345,890,186,547,183,343,126
3876 Lake Tahoe Blvd. South Lake Tahoe CA 96150,CA0900579,"c(-119.9490061, 38.9520364)",06017031601,"Census Tract 316.01, El Dorado County, California",1519,451,1180,390,0,13,0,13,118,117,0,13,183,164,38,45,39231,16903,698,165,84,61,614,143
3901 PIONEER TRAIL SOUTH LAKE TAHOE CA 96150,CA0900581,"c(-119.9481026, 38.9524397)",06017031601,"Census Tract 316.01, El Dorado County, California",1519,451,1180,390,0,13,0,13,118,117,0,13,183,164,38,45,39231,16903,698,165,84,61,614,143
3520 LAKE TAHOE BLVD SOUTH LAKE TAHOE CA 96150,CA0900586,"c(-119.9629645, 38.9460944)",06017030201,"Census Tract 302.01, El Dorado County, California",2979,549,2500,498,13,22,32,38,115,106,0,13,112,99,207,160,59702,13026,1075,181,482,143,593,138
2333 Eloise Ave. South Lake Tahoe CA 96150,CA0900636,"c(-119.9947609, 38.9217982)",06017030403,"Census Tract 304.03, El Dorado County, California",1369,280,1285,271,0,13,0,13,84,87,0,13,0,13,0,13,86500,52930,634,165,523,163,111,58
1021 AL TAHOE BLVD SO LAKE TAHOE CA 96150,CA0900646,"c(-119.9770796, 38.9346553)",06017030201,"Census Tract 302.01, El Dorado County, California",2979,549,2500,498,13,22,32,38,115,106,0,13,112,99,207,160,59702,13026,1075,181,482,143,593,138
783 Emerald Bay Rd. South Lake Tahoe CA 96150,CA0900655,"c(-120.0115663, 38.91842)",06017030404,"Census Tract 304.04, El Dorado County, California",2244,604,1887,541,21,30,0,13,60,70,0,13,78,112,198,137,67339,19345,890,186,547,183,343,126
1096 Herbert Ave. South Lake Tahoe 96150,CA0900666,"c(-119.9609996, 38.9438018)",06017030201,"Census Tract 302.01, El Dorado County, California",2979,549,2500,498,13,22,32,38,115,106,0,13,112,99,207,160,59702,13026,1075,181,482,143,593,138
3870 PIONEER TRAIL SOUTH LAKE TAHOE CA 96150,CA0900673,"c(-119.9473572, 38.950994)",06017031602,"Census Tract 316.02, El Dorado County, California",2102,563,1428,477,4,4,0,13,557,317,0,13,13,17,100,80,47695,32670,797,220,348,184,449,124
3101 Center Street PLACERVILLE CA 95667,CA0910010,"c(-120.8026684, 38.728686)",06017031200,"Census Tract 312, El Dorado County, California",5278,703,4915,676,82,54,0,19,79,54,0,19,17,22,185,137,62917,9506,1869,201,1529,232,340,136
3095 N GREENWOOD AVE SANGER CA 93657,CA1000112,"c(-119.5666582, 36.7803705)",06019005916,"Census Tract 59.16, Fresno County, California",2590,350,1780,378,1,3,24,36,556,117,0,13,160,190,69,73,123194,34924,786,85,735,90,51,40
10950 W MCKINLEY FRESNO CA 93722,CA1000207,"c(-119.9878512, 36.764918)",06019004100,"Census Tract 41, Fresno County, California",3349,712,2026,398,85,95,146,161,338,217,0,13,351,239,403,499,54390,12515,899,137,520,107,379,118
11470 W CHURCH AVE FRESNO CA 93706,CA1000248,"c(-119.9963302, 36.7136471)",06019003900,"Census Tract 39, Fresno County, California",6133,1014,3597,787,61,66,0,19,0,19,44,53,1871,991,560,546,61731,17671,1604,166,851,188,753,152
3530 S CHERRY FRESNO CA 93706,CA1000276,"c(-119.7808967, 36.6826057)",06019001800,"Census Tract 18, Fresno County, California",4733,511,3022,422,19,20,8,11,113,88,0,13,767,299,804,360,66989,11030,1299,141,711,94,588,149
130 E LINCOLN FRESNO CA 93706,CA1000285,"c(-119.7887666, 36.6491863)",06019001800,"Census Tract 18, Fresno County, California",4733,511,3022,422,19,20,8,11,113,88,0,13,767,299,804,360,66989,11030,1299,141,711,94,588,149
2140 E. Clubhouse Drive FRESNO CA 93730,CA1000496,"c(-119.743916, 36.9062387)",06019005503,"Census Tract 55.03, Fresno County, California",5984,860,3901,629,96,94,44,67,1427,590,0,19,38,46,478,397,118607,48402,2369,299,1729,262,640,213
2797 S ORANGE FRESNO CA 93725,CA1000512,"c(-119.7612427, 36.6981991)",06019001500,"Census Tract 15, Fresno County, California",2337,381,1424,275,39,29,0,13,226,220,0,13,507,199,141,126,44344,5855,627,88,356,80,271,73
7064 E. Belmont FRESNO CA 93727,CA1000624,"c(-119.6627278, 36.7507075)",06019005904,"Census Tract 59.04, Fresno County, California",6403,656,3492,567,120,102,21,42,1775,430,0,19,513,310,482,325,94253,11709,1895,228,1644,246,251,111
6639 Parkway Drive FRESNO CA 93722,CA1000646,"c(-119.9188075, 36.8318523)",06019004218,"Census Tract 42.18, Fresno County, California",7767,1213,3677,827,116,120,160,191,1772,940,59,82,1268,756,715,493,89775,14493,1853,171,1650,152,203,136
7660 MYRTLE AVE EUREKA CA 90274,CA1200698,"c(-124.0810148, 40.8113068)",06023000900,"Census Tract 9, Humboldt County, California",5325,548,4484,497,53,50,51,44,111,70,0,19,120,79,506,189,64625,11442,2240,215,1700,215,540,105
1323 Shell Canyon Rd. Ocotillo CA 92259,CA1300611,"c(-116.003174, 32.7488953)",06025012301,"Census Tract 123.01, Imperial County, California",5018,499,883,215,927,161,72,37,95,77,18,19,2610,350,413,172,41098,9571,363,101,280,71,83,62
99620 Tripoli Dr. Mecca CA 92254,CA1310011,"c(-115.9285523, 33.5128927)",06065045612,"Census Tract 456.12, Riverside County, California",3383,1030,593,401,0,13,0,13,0,13,0,13,2338,761,452,587,26028,5080,1273,320,1168,324,105,82
1700 E. Carr Road CALEXICO CA 92231,CA1310017,"c(-115.3822628, 32.6798799)",06025011903,"Census Tract 119.03, Imperial County, California",5536,1464,3551,644,48,66,17,27,72,61,0,19,655,518,1193,1305,72639,30654,1086,277,857,290,229,122
15 Wedding Ln. Bakersfield CA 93315,CA1500508,"c(-119.0814238, 35.3827401)",06029000507,"Census Tract 5.07, Kern County, California",3588,556,2765,392,1,9,43,35,116,105,0,13,430,200,233,274,72043,11466,1260,162,1104,156,156,90
158 WHITE RIVER ROAD GLENNVILLE CA 93226,CA1502163,"c(-118.7056334, 35.7300559)",06029005208,"Census Tract 52.08, Kern County, California",2585,505,2237,431,4,7,16,22,0,13,0,13,146,233,182,194,32123,23243,1327,240,1030,238,297,141
1262 ROSAMOND BLVD ROSAMOND CA 93560,CA1502247,"c(-118.1543956, 34.8635235)",06029005804,"Census Tract 58.04, Kern County, California",6115,976,3460,750,1315,762,0,19,92,93,0,19,971,643,277,186,47571,12550,1989,310,1113,280,876,257
29700 WOODFORD ROAD KEENE CA 93531,CA1502664,"c(-118.5525891, 35.2127399)",06029006004,"Census Tract 60.04, Kern County, California",1253,236,1089,202,1,2,0,13,25,28,0,13,41,29,97,86,51071,9642,672,119,550,111,122,57
10032 Bloemfontein Ct TEHACHAPI CA 93561,CA1502724,"c(-118.3245419, 35.1712164)",06029006004,"Census Tract 60.04, Kern County, California",1253,236,1089,202,1,2,0,13,25,28,0,13,41,29,97,86,51071,9642,672,119,550,111,122,57
4000 RIO DEL NORTE STREET BAKERSFIELD CA 93308,CA1510041,"c(-119.0315815, 35.442011)",06029000104,"Census Tract 1.04, Kern County, California",1327,500,944,348,0,13,0,13,383,369,0,13,0,13,0,13,49167,16134,410,116,109,83,301,133
15783 18TH AVENUE LEMOORE CA 93245,CA1600008,"c(-119.7803765, 36.2434949)",06031001601,"Census Tract 16.01, Kings County, California",4418,704,2009,475,26,31,840,175,43,54,0,13,1292,632,208,194,49352,13578,1202,258,418,116,784,267
9301 Lacey Blvd. Hanford CA 93230,CA1600296,"c(-119.6239274, 36.326158)",06031000800,"Census Tract 8, Kings County, California",5287,664,3809,592,190,159,38,31,99,92,0,19,417,243,734,453,54122,12212,1511,149,921,130,590,141
14564 Emerford Rd COBB CA 95461,CA1700501,"c(-122.7252987, 38.8453987)",06033001102,"Census Tract 11.02, Lake County, California",1297,485,1238,471,1,2,0,13,0,13,0,13,57,82,1,2,56099,20450,581,183,443,175,138,81
8508 PARADISE LAGOON DR. LUCERNE CA 95458,CA1700516,"c(-122.7529401, 39.0417948)",06033000602,"Census Tract 6.02, Lake County, California",2024,435,1729,393,30,37,0,13,166,184,0,13,18,32,81,61,56184,24239,842,158,592,141,250,82
15985 Bottle Rock Road COBB CA 95426,CA1700526,"c(-122.7304675, 38.8295456)",06033001102,"Census Tract 11.02, Lake County, California",1297,485,1238,471,1,2,0,13,0,13,0,13,57,82,1,2,56099,20450,581,183,443,175,138,81
15761 BOTTLE ROCK ROAD COBB CA 95426,CA1700530,"c(-122.735464, 38.831842)",06033001102,"Census Tract 11.02, Lake County, California",1297,485,1238,471,1,2,0,13,0,13,0,13,57,82,1,2,56099,20450,581,183,443,175,138,81
16320 High Road COBB CA 95426,CA1700542,"c(-122.7212036, 38.8229037)",06033001102,"Census Tract 11.02, Lake County, California",1297,485,1238,471,1,2,0,13,0,13,0,13,57,82,1,2,56099,20450,581,183,443,175,138,81
11310 FOREST OAKS DRIVE COBB CA 95453,CA1700544,"c(-122.697322, 38.8619251)",06033001101,"Census Tract 11.01, Lake County, California",1459,288,1383,287,17,28,0,13,0,13,0,13,20,31,39,32,56287,8546,720,154,640,160,80,44
9066 Diamond Dust Trail KELSEYVILLE CA 95451,CA1700552,"c(-122.7521131, 38.9060608)",06033001101,"Census Tract 11.01, Lake County, California",1459,288,1383,287,17,28,0,13,0,13,0,13,20,31,39,32,56287,8546,720,154,640,160,80,44
9564 HWY. 175 KELSEYVILLE CA 95451,CA1700563,"c(-122.7290559, 38.8872941)",06033001101,"Census Tract 11.01, Lake County, California",1459,288,1383,287,17,28,0,13,0,13,0,13,20,31,39,32,56287,8546,720,154,640,160,80,44
11270 Gifford Springs Rd. Lakeport CA 95426,CA1700574,"c(-122.6972017, 38.8169649)",06033001302,"Census Tract 13.02, Lake County, California",3547,619,3102,661,31,46,4,10,15,29,0,13,185,156,210,171,55000,28092,1532,224,966,219,566,199
16535 DAM ROAD CLEARLAKE CA 95422,CA1700581,"c(-122.6036555, 38.9233347)",06033000702,"Census Tract 7.02, Lake County, California",4608,663,2431,450,0,13,280,296,7,16,0,13,1307,665,583,485,38427,5556,1406,170,948,189,458,167
100 Tamarack Street HERLONG CA 96113,CA1805009,"c(-120.156427, 40.1431321)",06035040600,"Census Tract 406, Lassen County, California",3305,467,2546,449,364,94,146,93,26,31,3,6,129,71,91,60,58913,15241,960,182,626,146,334,104
9227 Pitkin St. Rosemead CA 91770,CA1900009,"c(-118.0669464, 34.0870872)",06037432202,"Census Tract 4322.02, Los Angeles County, California",4185,506,591,228,18,17,115,157,2688,531,0,13,696,425,77,94,70590,24933,1185,126,702,103,483,116
"12087 LOPEZ CANYON RD, KAGEL CANYON, CA 91342-6063",CA1900122,"c(-118.4043879, 34.2926382)",06037930400,"Census Tract 9304, Los Angeles County, California",1387,219,945,136,113,72,20,19,69,49,5,11,55,49,180,92,102778,51467,384,57,318,51,66,27
49847 Gorman School Road GORMAN CA 93243,CA1900912,"c(-118.8541048, 34.7927235)",06037901209,"Census Tract 9012.09, Los Angeles County, California",1418,202,961,184,53,65,18,19,38,34,0,13,300,163,48,48,72500,13112,478,69,351,74,127,43
5044 COGSWELL ROAD EL MONTE CA 91732,CA1910141,"c(-118.004679, 34.091741)",06037432502,"Census Tract 4325.02, Los Angeles County, California",3969,1118,605,334,0,13,143,228,1780,539,43,71,538,323,860,812,71577,16076,912,132,602,168,310,139
26065 OUTBACK INDUSTRIAL WAY ONEALS CA 93645,CA2000203,"c(-119.7335325, 37.1289582)",06039000110,"Census Tract 1.10, Madera County, California",5084,934,4204,868,81,100,161,115,0,19,0,19,107,89,531,212,72322,3669,1934,310,1819,319,115,72
40093 CA-41 Oakhurst CA 93644,CA2000578,"c(-119.654964, 37.3312208)",06039000104,"Census Tract 1.04, Madera County, California",4179,575,3735,579,0,13,25,35,224,229,0,13,134,136,61,63,61769,7230,1572,174,1256,185,316,126
40094 Indian Springs Rd. Oakhurst CA 93644,CA2000614,"c(-119.6392859, 37.3335418)",06039000104,"Census Tract 1.04, Madera County, California",4179,575,3735,579,0,13,25,35,224,229,0,13,134,136,61,63,61769,7230,1572,174,1256,185,316,126
9988 CA-140 El Portal CA 95318,CA2202048,"c(-119.8489969, 37.6612069)",06043000302,"Census Tract 3.02, Mariposa County, California",2238,328,1868,288,0,13,221,160,15,24,0,13,26,28,108,81,65583,12325,1053,130,866,126,187,93
9010 Curry Village Dr. Yosemite National Park CA 95389,CA2210518,"c(-119.5730339, 37.7385506)",06043000400,"Census Tract 4, Mariposa County, California",1752,454,1406,361,104,118,0,13,60,71,0,13,158,105,24,29,45323,7087,514,181,149,99,365,161
2916 N. MCKEE RD. MERCED CA 95340,CA2400176,"c(-120.4427394, 37.3121453)",06047001200,"Census Tract 12, Merced County, California",5810,840,2991,591,73,71,16,26,510,152,0,19,1739,743,481,276,65997,7926,1779,257,1204,248,575,148
11019 W. EUCALYPTUS AVENUE LIVINGSTON CA 95334,CA2400346,"c(-120.6894097, 37.4034566)",06047000301,"Census Tract 3.01, Merced County, California",5682,858,1325,380,0,19,82,94,1230,359,0,19,2785,786,260,210,52993,7011,1329,177,643,126,686,165
28960 Gonzaga Rd. Santa Nella CA 95322,CA2410306,"c(-121.0157927, 37.0554059)",06047002100,"Census Tract 21, Merced County, California",4214,851,2597,735,8,15,89,128,111,77,20,39,1287,497,102,99,66172,21543,1203,219,716,168,487,160
38787 Dinosaur Point Rd. Hollister CA 95023,CA2410307,"c(-121.2115976, 37.0650473)",06085513500,"Census Tract 5135, Santa Clara County, California",1225,274,967,244,10,15,0,13,173,206,0,13,55,66,20,45,121213,27062,347,54,251,50,96,48
904 Benton Crossing Rd. Crowley Lake CA 93546,CA2600633,"c(-118.8117699, 37.6301631)",06051000101,"Census Tract 1.01, Mono County, California",4039,386,3028,446,13,29,219,134,58,73,0,13,273,292,448,334,68000,15515,1320,236,1117,203,203,109
730 W. Market St. Salinas CA 93901,CA2702624,"c(-121.6702737, 36.6832904)",06053001801,"Census Tract 18.01, Monterey County, California",4257,626,1493,363,285,237,0,13,600,304,4,9,1693,512,182,127,79632,20530,1143,136,737,161,406,125
6303 Montana Rd. San Miguel CA 93451,CA2710706,"c(-120.7375655, 35.7909595)",06079010017,"Census Tract 100.17, San Luis Obispo County, California",4664,577,3925,703,327,322,63,58,35,32,14,24,211,223,89,75,71812,9060,1498,186,1313,187,185,88
4048 SONOMA HIGHWAY NAPA CA 94559,CA2800538,"c(-122.3324738, 38.255411)",06055201102,"Census Tract 2011.02, Napa County, California",2124,312,1733,298,14,32,70,97,148,62,0,13,112,126,47,43,116154,19301,784,112,605,108,179,67
150 SILVERADO TRAIL NAPA CA 94558,CA2800548,"c(-122.2728878, 38.2890924)",06055200301,"Census Tract 2003.01, Napa County, California",6153,654,4451,682,0,19,48,77,208,106,0,19,1101,453,345,185,80909,12193,1896,189,945,159,951,155
1601 Silverado Trail ST HELENA CA 94574,CA2801045,"c(-122.4103178, 38.4892757)",06055201500,"Census Tract 2015, Napa County, California",1899,349,1628,318,2,6,5,9,32,25,0,13,213,120,19,22,111766,14517,741,141,533,93,208,91
12515 COMBIE RD AUBURN CA 95603,CA2900540,"c(-121.0625332, 39.0213649)",06057000106,"Census Tract 1.06, Nevada County, California",1934,477,1898,479,0,13,0,13,21,35,0,13,0,13,15,25,88182,23418,642,194,615,188,27,35
17530 Lake Vera-Purdon Rd NEVADA CITY CA 95959,CA2902376,"c(-121.0342651, 39.3015087)",06057000801,"Census Tract 8.01, Nevada County, California",5659,631,5111,576,44,29,0,19,168,137,0,19,71,75,265,130,66875,33362,2162,275,1726,247,436,193
12800 Interstate 80 TRUCKEE CA 96161,CA2905004,"c(-120.131341, 39.3620534)",06057001205,"Census Tract 12.05, Nevada County, California",5214,561,5047,543,0,19,11,17,88,98,0,19,0,19,68,66,109063,6377,1773,208,1606,210,167,68
13118 SARGENT JACOBS DRIVE NEVADA CITY CA 95959,CA2910007,"c(-120.9089407, 39.2639831)",06057000701,"Census Tract 7.01, Nevada County, California",7257,754,6757,696,0,19,117,88,20,32,0,19,14,31,349,179,83250,16120,2896,241,2509,271,387,131
28436 Airoso St. Ladera Ranch CA 92694,CA3000852,"c(-117.596468, 33.5470406)",06059032066,"Census Tract 320.66, Orange County, California",5448,797,3896,775,111,143,0,19,801,612,0,19,25,40,615,388,147742,33022,2010,222,1462,218,548,130
35005 Beach Rd. Dana Point CA 92624,CA3010055,"c(-117.6612732, 33.4514982)",06059042201,"Census Tract 422.01, Orange County, California",5014,855,4043,727,70,70,0,19,89,79,23,36,504,394,285,241,92092,15498,2148,260,1521,230,627,202
500 CAMERON STREET PLACENTIA CA 92870,CA3010070,"c(-117.8693749, 33.8682905)",06059011722,"Census Tract 117.22, Orange County, California",2274,326,1332,256,75,94,21,30,378,161,0,13,221,111,247,180,55909,17450,1086,142,650,145,436,110
740 Timberland Ln. Tahoe City CA 96145,CA3100029,"c(-120.165335, 39.1296325)",06061022100,"Census Tract 221, Placer County, California",815,356,733,357,0,13,22,34,39,55,0,13,0,13,21,30,85809,41952,309,97,285,91,24,32
8401 Boulder Creek Pl. Penryn CA 95663,CA3103257,"c(-121.1667594, 38.833701)",06061020608,"Census Tract 206.08, Placer County, California",4272,731,3279,565,99,103,73,90,132,182,16,24,3,7,670,414,171200,30731,1452,212,1232,199,220,140
1588 LISA DRIVE NEWCASTLE CA 95658,CA3110033,"c(-121.133091, 38.8596134)",06061020502,"Census Tract 205.02, Placer County, California",4662,499,4274,500,40,42,0,13,58,42,63,74,99,94,128,105,110385,16378,1762,186,1615,188,147,69
179 Rogers Avenue QUINCY CA 95971,CA3210008,"c(-120.9106894, 39.9381114)",06063000100,"Census Tract 1, Plumas County, California",5509,643,4619,570,274,215,67,54,37,33,0,19,249,215,263,160,60833,12800,1996,195,1072,181,924,217
81450 Palo Verde Dr. N Indio CA 92201,CA3301046,"c(-116.243958, 33.7212834)",06065045217,"Census Tract 452.17, Riverside County, California",7986,1313,3410,898,581,706,0,19,40,54,0,19,3217,763,738,698,47429,8677,2499,269,2072,286,427,164
82225 AIRPORT BLVD THERMAL CA 92274,CA3301153,"c(-116.2311538, 33.640992)",06065045615,"Census Tract 456.15, Riverside County, California",2636,750,1202,596,0,13,0,13,0,13,0,13,1175,415,259,346,33542,19871,1048,282,891,284,157,83
10805 PALM DRIVE DESERT HOT SPRINGS CA 92240,CA3301206,"c(-116.5017441, 33.9701063)",06065044518,"Census Tract 445.18, Riverside County, California",6003,940,4038,906,634,277,13,21,132,94,48,59,285,183,853,519,57012,14517,2130,259,1446,241,684,205
83355 AVE 55 THERMAL CA 92274,CA3301276,"c(-116.180822, 33.6489357)",06065045615,"Census Tract 456.15, Riverside County, California",2636,750,1202,596,0,13,0,13,0,13,0,13,1175,415,259,346,33542,19871,1048,282,891,284,157,83
58075 Jefferson St. La Quinta CA 92253,CA3301566,"c(-116.2682423, 33.611913)",06065044403,"Census Tract 444.03, Riverside County, California",4529,1397,2548,584,48,47,163,81,259,261,0,13,962,602,549,525,47065,15396,1520,251,1186,223,334,128
43-778 E. Circle Dr. Indio 92201,CA3301735,"c(-116.21175, 33.7309273)",06065045303,"Census Tract 453.03, Riverside County, California",1999,340,668,238,7,10,0,13,95,82,0,13,1103,321,126,127,22813,3441,843,121,434,111,409,94
81800 51st Ave. Indio 92201,CA3302027,"c(-116.2371522, 33.6784239)",06065045606,"Census Tract 456.06, Riverside County, California",2616,392,2005,374,39,58,0,13,47,32,0,13,452,183,73,68,76094,29158,1466,231,1204,217,262,115
"25898 Bundy Canyon Rd, Menifee, CA",CA3302093,"c(-117.2051413, 33.6415499)",06065043279,"Census Tract 432.79, Riverside County, California",5195,551,4324,519,18,31,53,52,93,70,0,19,465,289,242,190,72348,24320,1596,198,1384,210,212,86
1001 El Cielo Rd. Palm Springs CA 92264,CA3303012,"c(-116.5115588, 33.8081197)",06065940700,"Census Tract 9407, Riverside County, California",3066,258,2643,236,54,33,26,21,129,51,18,14,73,27,123,94,65000,5961,1584,116,1000,85,584,74
52500 Temecula Rd. Idyllwild-Pine Cove CA 92549,CA3303081,"c(-116.7468366, 33.7337283)",06065044404,"Census Tract 444.04, Riverside County, California",1749,546,1139,326,95,95,6,11,128,98,0,13,369,477,12,19,62450,34461,630,118,435,104,195,77
81400 Ave. 52 Indio CA 92201,CA3303085,"c(-116.2442176, 33.6737496)",06065045606,"Census Tract 456.06, Riverside County, California",2616,392,2005,374,39,58,0,13,47,32,0,13,452,183,73,68,76094,29158,1466,231,1204,217,262,115
68555 POLK ST THERMAL CA 92274,CA3303100,"c(-116.1523987, 33.5493361)",06065045619,"Census Tract 456.19, Riverside County, California",3305,900,866,468,0,13,21,28,62,69,0,13,2309,844,47,50,20660,3918,1229,232,1008,244,221,125
28755 El Toro Rd. Lake Elsinore CA 92532,CA3310015,"c(-117.3478625, 33.7032046)",06065043005,"Census Tract 430.05, Riverside County, California",5556,648,2522,533,317,241,0,19,122,103,0,19,2167,614,428,263,63636,8612,1542,169,887,206,655,142
10299 McCracken Dr. Rancho Cordova CA 95670,CA3400140,"c(-121.3080902, 38.5857696)",06067009008,"Census Tract 90.08, Sacramento County, California",5625,785,3303,684,638,269,0,19,572,451,0,19,817,341,295,129,60217,10337,1800,162,922,159,878,161
6125 Stockton Blvd. Sacramento CA 95824,CA3400198,"c(-121.4358194, 38.514494)",06067003202,"Census Tract 32.02, Sacramento County, California",4832,528,1478,277,154,99,29,27,1524,274,0,13,1067,454,580,191,42219,9851,1613,191,766,138,847,194
8865 ELK GROVE BLVD ELK GROVE CA 95624,CA3400249,"c(-121.3731924, 38.4096684)",06067009308,"Census Tract 93.08, Sacramento County, California",6973,1556,5044,1481,216,164,176,189,580,300,0,19,357,330,600,302,78868,8719,2442,403,1813,321,629,298
100 Oxbow Marina Dr. Isleton CA 95641,CA3400332,"c(-121.589958, 38.150015)",06067009800,"Census Tract 98, Sacramento County, California",1476,219,1268,195,8,13,12,13,39,32,0,13,57,52,92,53,39750,6546,759,105,585,104,174,49
5800 Stockton Blvd. Sacramento CA 95827,CA3400352,"c(-121.4414507, 38.521592)",06067004603,"Census Tract 46.03, Sacramento County, California",2675,906,753,255,183,210,21,36,830,642,0,13,286,191,602,689,39790,5100,1012,194,417,143,595,210
4855 Hamilton St. Sacramento CA 95841,CA3400359,"c(-121.3648652, 38.6530776)",06067007504,"Census Tract 75.04, Sacramento County, California",1895,242,1469,202,97,57,13,30,90,49,0,13,108,90,118,72,51528,9795,737,72,370,67,367,66
7676 BRADSHAW RD SACRAMENTO CA 95829,CA3400412,"c(-121.3355329, 38.4793433)",06067009311,"Census Tract 93.11, Sacramento County, California",6316,923,2552,517,651,232,0,19,2004,708,255,253,270,193,584,279,79489,8525,2000,219,1467,180,533,204
3450 LONGVIEW DR SACRAMENTO CA 95821,CA3400468,"c(-121.3869152, 38.6392338)",06067007413,"Census Tract 74.13, Sacramento County, California",6255,970,4448,977,728,347,0,19,659,385,0,19,118,156,302,234,39968,15045,2051,223,859,232,1192,212
411 MCCLOSKEY RD HOLLISTER CA 95023,CA3500526,"c(-121.3936699, 36.8687387)",06069000100,"Census Tract 1, San Benito County, California",4923,549,3415,375,167,155,138,187,99,73,18,16,278,152,808,445,109773,16808,1520,128,1050,158,470,118
37600 Hinkley Rd. Hinkley CA 92347,CA3600125,"c(-117.1867485, 34.9345623)",06071011900,"Census Tract 119, San Bernardino County, California",2284,404,1776,401,124,175,79,69,44,32,0,13,121,114,140,117,53173,10273,819,139,482,111,337,120
1 Union Pacific Rd. Yermo CA 92398,CA3600316,"c(-116.8202657, 34.9028757)",06071011602,"Census Tract 116.02, San Bernardino County, California",1902,664,1685,603,0,13,0,13,136,217,0,13,0,13,81,89,57097,30917,881,365,479,221,402,290
51063 29 PALMS HWY MORONGO VALLEY CA 92256,CA3601055,"c(-116.5465857, 34.0690603)",06071010417,"Census Tract 104.17, San Bernardino County, California",2976,516,2444,295,8,14,0,13,21,32,0,13,294,402,209,156,44896,12696,1357,173,1007,156,350,145
8353 N ALABAMA AV REDLANDS CA 92373,CA3601060,"c(-117.2071399, 34.1016461)",06071007604,"Census Tract 76.04, San Bernardino County, California",3972,462,2550,465,258,159,1,4,215,141,67,89,442,250,439,203,68787,5312,1130,110,953,128,177,80
13500 Hamner Ave. Ontario 91761,CA3601094,"c(-117.5586063, 34.0089767)",06071001906,"Census Tract 19.06, San Bernardino County, California",9872,1182,4458,1107,772,327,0,19,1285,339,0,19,1660,737,1697,1221,87550,15478,3038,315,1916,372,1122,208
41972 GARSTIN DRIVE BIG BEAR LAKE CA 92315,CA3610061,"c(-116.8862721, 34.2466237)",06071011203,"Census Tract 112.03, San Bernardino County, California",1542,292,1320,244,4,9,12,15,0,13,0,13,17,21,189,235,50816,8413,606,97,359,91,247,73
"14901 Central Avenue, Chino, CA 91710",CA3610853,"c(-117.6859715, 33.9811158)",06071012202,"Census Tract 122.02, San Bernardino County, California",10299,920,3501,403,1934,249,101,48,381,121,73,47,3193,428,1116,238,NA,NA,0,21,0,21,0,21
12570 Slaughterhouse Canyon Rd. Lakeside CA 92040,CA3705026,"c(-116.9504585, 32.9062474)",06073016901,"Census Tract 169.01, San Diego County, California",7585,1437,6339,1404,226,317,28,36,196,162,68,79,199,138,529,317,86172,21341,2434,276,1981,255,453,172
2189 E Taylor St. Stockton CA 95205,CA3900726,"c(-121.2584563, 37.9509112)",06077001900,"Census Tract 19, San Joaquin County, California",4665,694,2625,596,608,431,0,13,0,13,13,18,922,390,497,424,33836,11790,1451,176,484,137,967,170
16777 S. Howland Rd. Lathrop CA 95330,CA3900810,"c(-121.2759589, 37.808581)",06077005119,"Census Tract 51.19, San Joaquin County, California",8879,917,2744,465,852,245,176,218,3421,607,0,19,908,331,778,384,107535,17146,2063,203,1507,223,556,142
13451 N EXTENSION RD LODI CA 95240,CA3901035,"c(-121.3112243, 38.1004966)",06077004106,"Census Tract 41.06, San Joaquin County, California",1897,355,1436,241,0,13,8,11,174,197,0,13,22,32,257,204,93068,11478,578,70,426,66,152,58
3655 E CHEROKEE RD STOCKTON CA 95205,CA3901330,"c(-121.254492, 37.99175)",06077003601,"Census Tract 36.01, San Joaquin County, California",3068,501,2252,383,16,20,0,13,249,163,43,48,283,217,225,187,52866,7598,1104,94,838,128,266,115
2431 E Mariposa Rd Stockton CA 95205,CA3901334,"c(-121.239114, 37.933807)",06077002100,"Census Tract 21, San Joaquin County, California",5529,804,2727,613,737,246,86,119,473,232,0,19,1487,666,19,33,41638,8317,1557,172,792,169,765,170
2350 N Ocean Ave Cayucos CA 93430,CA4000512,"c(-120.9103945, 35.4493366)",06079010504,"Census Tract 105.04, San Luis Obispo County, California",2228,368,2080,366,0,13,0,13,56,41,0,13,27,34,65,64,70602,14149,1161,201,686,170,475,122
4251 S HIGUERA SAN LUIS OBISPO CA 93401,CA4000711,"c(-120.6763374, 35.2416337)",06079011600,"Census Tract 116, San Luis Obispo County, California",4135,690,3790,671,0,13,0,13,89,77,0,13,67,102,189,145,128194,23988,1759,250,1403,257,356,140
645 TANK FARM ROAD SAN LUIS OBISPO CA 93401,CA4000726,"c(-120.6455267, 35.2461283)",06079011505,"Census Tract 115.05, San Luis Obispo County, California",5055,447,4190,403,99,83,46,44,152,90,7,13,226,107,335,217,104583,12991,1562,180,1100,120,462,155
269 TANK FARM ROAD SAN LUIS OBISPO CA 93401,CA4000728,"c(-120.6647014, 35.2457806)",06079011505,"Census Tract 115.05, San Luis Obispo County, California",5055,447,4190,403,99,83,46,44,152,90,7,13,226,107,335,217,104583,12991,1562,180,1100,120,462,155
3601 Sacramento Dr. San Luis Obispo CA 93401,CA4000743,"c(-120.6424149, 35.2546513)",06079011505,"Census Tract 115.05, San Luis Obispo County, California",5055,447,4190,403,99,83,46,44,152,90,7,13,226,107,335,217,104583,12991,1562,180,1100,120,462,155
"2330 A Street, Suite A SANTA MARIA CA 93455",CA4010040,"c(-120.463576, 34.9188819)",06083002011,"Census Tract 20.11, Santa Barbara County, California",6378,994,4353,793,35,54,22,42,130,97,11,17,631,345,1196,1022,83238,8353,1832,255,1288,242,544,177
5070 Cathedral Oaks Rd. Santa Barbara CA 93111,CA4200647,"c(-119.7987841, 34.452223)",06083002907,"Census Tract 29.07, Santa Barbara County, California",4185,789,3574,810,10,13,0,13,370,222,0,13,44,34,187,114,165286,27207,1448,189,1045,117,403,179
1701 Betteravia Rd. Santa Maria CA 93454,CA4200959,"c(-120.4003803, 34.9240151)",06083002006,"Census Tract 20.06, Santa Barbara County, California",2700,348,2255,345,23,23,25,27,141,70,0,13,179,148,77,48,113824,19060,952,99,724,97,228,66
21401 Prospect Rd. Saratoga CA 95070,CA4300504,"c(-122.047299, 37.2906583)",06085507702,"Census Tract 5077.02, Santa Clara County, California",6993,997,978,247,0,19,0,19,5651,1125,116,175,0,19,248,231,230398,43024,2163,225,1898,200,265,153
441 La Cuesta Dr. Scotts Valley CA 95066,CA4400539,"c(-122.0276063, 37.0383318)",06087120800,"Census Tract 1208, Santa Cruz County, California",5990,706,4994,598,57,81,0,19,283,189,68,105,130,126,458,279,156250,41756,2353,293,1942,260,411,177
11255 LOMPICO ROAD FELTON CA 95018,CA4410015,"c(-122.0479872, 37.1111704)",06087120600,"Census Tract 1206, Santa Cruz County, California",4506,471,3974,443,72,71,0,13,71,44,0,13,135,69,254,174,104052,16323,1812,180,1408,161,404,133
15611 Rock Creek Road SHASTA CA 96087,CA4500001,"c(-122.4811771, 40.6172324)",06089012400,"Census Tract 124, Shasta County, California",3859,475,3502,438,3,4,92,61,36,35,8,16,14,19,204,90,64408,8706,1448,116,1233,120,215,66
44304 A St McArthur CA 96056,CA4500084,"c(-121.3969339, 41.051744)",06089012702,"Census Tract 127.02, Shasta County, California",2461,468,2013,417,9,13,77,98,55,66,0,13,49,61,258,198,50292,9827,1058,214,754,188,304,118
21375 MAIN STREET LAKEHEAD CA 96051,CA4500136,"c(-122.3830404, 40.9062012)",06089012500,"Census Tract 125, Shasta County, California",1531,243,1382,243,10,11,21,19,55,75,0,13,8,7,55,42,49196,12000,731,117,587,113,144,58
2543 CORDELIA RD FAIRFIELD CA 94534-1676,CA4810037,"c(-122.1063135, 38.231285)",06095252305,"Census Tract 2523.05, Solano County, California",5574,622,3240,551,401,123,9,11,1228,350,0,19,341,169,355,198,110068,8140,1938,184,1239,174,699,147
433 Fulton Road SANTA ROSA CA 95401,CA4900676,"c(-122.7710645, 38.4438594)",06097153005,"Census Tract 1530.05, Sonoma County, California",7111,926,5179,695,6,9,0,19,332,131,21,50,949,790,624,285,115330,17777,2375,188,1864,194,511,183
3455 Santa Rosa Avenue SANTA ROSA CA 95407,CA4900786,"c(-122.7149279, 38.3934868)",06097151405,"Census Tract 1514.05, Sonoma County, California",6646,1013,3263,874,409,269,30,50,446,245,2,6,2237,764,259,153,49094,10518,2211,296,977,226,1234,297
3521 Santa Rosa Avenue SANTA ROSA CA 95407,CA4900855,"c(-122.714586, 38.3908595)",06097151405,"Census Tract 1514.05, Sonoma County, California",6646,1013,3263,874,409,269,30,50,446,245,2,6,2237,764,259,153,49094,10518,2211,296,977,226,1234,297
385 Mark West Springs Road SANTA ROSA CA 95404,CA4900890,"c(-122.740282, 38.5021167)",06097152702,"Census Tract 1527.02, Sonoma County, California",4994,771,3563,667,74,43,13,22,186,131,0,13,595,274,563,245,89572,9217,1637,201,864,170,773,120
9580 Sonoma Highway KENWOOD CA 95452,CA4900922,"c(-122.5462232, 38.4140472)",06097150501,"Census Tract 1505.01, Sonoma County, California",2962,929,2745,930,6,14,37,29,105,82,0,13,31,24,38,43,136048,66127,1309,442,1027,420,282,160
3200 Moorland Avenue SANTA ROSA CA 95407,CA4901195,"c(-122.7171449, 38.4002592)",06097153202,"Census Tract 1532.02, Sonoma County, California",4649,817,2228,909,50,90,0,13,36,53,0,13,1527,688,808,774,73250,35081,1408,231,531,167,877,272
5901 Old Redwood Highway SANTA ROSA CA 95403,CA4901311,"c(-122.7782516, 38.5236908)",06097152701,"Census Tract 1527.01, Sonoma County, California",4895,721,3652,640,0,13,32,48,75,72,23,36,708,379,405,243,79052,9935,1815,210,1323,225,492,146
4401 Slusser Road WINDSOR CA 95492,CA4901387,"c(-122.8326455, 38.4988928)",06097153810,"Census Tract 1538.10, Sonoma County, California",3750,410,2906,375,17,29,170,188,88,82,0,13,418,329,151,89,139196,10904,1141,131,766,122,375,135
2455 Frates Road PETALUMA CA 94972,CA4901389,"c(-122.5805514, 38.2500735)",06097150611,"Census Tract 1506.11, Sonoma County, California",4338,706,3364,689,72,78,36,56,191,92,0,13,475,264,200,107,97768,11983,1421,174,858,101,563,184
1078 S Wright Rd. Santa Rosa 95407,CA4901410,"c(-122.7686613, 38.4200192)",06097153301,"Census Tract 1533.01, Sonoma County, California",6834,906,3690,1006,105,79,24,41,331,273,11,23,2191,767,482,322,88818,19536,2054,230,1314,251,740,189
1589 Hampton Way SANTA ROSA CA 95407,CA4901439,"c(-122.7375913, 38.4288492)",06097153104,"Census Tract 1531.04, Sonoma County, California",3666,595,1371,307,31,35,62,83,14,20,0,13,1907,526,281,146,57548,9356,1142,111,369,96,773,123
15000 Arnold Drive ELDRIDGE CA 95431,CA4910202,"c(-122.5177685, 38.3485069)",06097150502,"Census Tract 1505.02, Sonoma County, California",1372,307,1014,258,8,16,15,33,50,45,0,13,284,197,1,2,123500,32764,564,109,396,90,168,101
4812 Esmar Rd Ceres CA 95307,CA5000051,"c(-120.9267211, 37.5677001)",06099003002,"Census Tract 30.02, Stanislaus County, California",7281,1251,5063,903,38,45,71,91,84,78,0,19,1040,448,985,957,52074,9895,2058,280,1142,220,916,264
4920 Faith Home Rd Ceres CA 95307,CA5000057,"c(-120.9201054, 37.5661901)",06099003002,"Census Tract 30.02, Stanislaus County, California",7281,1251,5063,903,38,45,71,91,84,78,0,19,1040,448,985,957,52074,9895,2058,280,1142,220,916,264
2048 E GRAYSON ROAD CERES CA 95307,CA5000077,"c(-120.9577958, 37.5656874)",06099003002,"Census Tract 30.02, Stanislaus County, California",7281,1251,5063,903,38,45,71,91,84,78,0,19,1040,448,985,957,52074,9895,2058,280,1142,220,916,264
5061 Nunes Rd. Turlock CA 95382,CA5000085,"c(-120.9003871, 37.5518177)",06099002901,"Census Tract 29.01, Stanislaus County, California",5125,708,4341,686,2,4,5,7,101,63,0,19,154,83,522,263,72798,10171,1719,170,1140,129,579,105
4124 W BARNHART ROAD TURLOCK CA 95382,CA5000086,"c(-120.8964072, 37.5437528)",06099003603,"Census Tract 36.03, Stanislaus County, California",3867,993,3525,926,0,13,0,13,33,37,0,13,188,221,121,143,49795,28705,1347,327,662,226,685,242
6643 Faith Home Rd Ceres CA 95307,CA5000217,"c(-120.92089, 37.5417268)",06099003603,"Census Tract 36.03, Stanislaus County, California",3867,993,3525,926,0,13,0,13,33,37,0,13,188,221,121,143,49795,28705,1347,327,662,226,685,242
136 WEBER AVE PATTERSON CA 95363,CA5000271,"c(-121.1268496, 37.4750077)",06099003201,"Census Tract 32.01, Stanislaus County, California",4853,622,3600,470,139,134,91,98,32,42,0,13,265,149,726,469,48040,6429,1411,156,813,138,598,128
3461 Roeding Rd Ceres CA 95307,CA5000308,"c(-120.9322329, 37.5880375)",06099003004,"Census Tract 30.04, Stanislaus County, California",3343,1770,2061,970,3,5,29,52,37,48,0,13,666,277,547,669,67067,35890,861,307,627,324,234,70
4043 Crows Landing Rd Modesto CA 95358,CA5000484,"c(-120.9960675, 37.5788452)",06099003100,"Census Tract 31, Stanislaus County, California",4178,830,3351,617,4,7,25,23,293,339,0,13,161,176,344,548,42500,24390,1224,197,468,118,756,221
5837 N GOLDEN STATE BLVD TURLOCK CA 95382,CA5000570,"c(-120.9005329, 37.5460312)",06099003603,"Census Tract 36.03, Stanislaus County, California",3867,993,3525,926,0,13,0,13,33,37,0,13,188,221,121,143,49795,28705,1347,327,662,226,685,242
2620 COLUSA HIGHWAY YUBA CITY CA 95993,CA5100176,"c(-121.6641582, 39.1403464)",06101050501,"Census Tract 505.01, Sutter County, California",6708,466,3273,389,179,139,125,85,2393,422,0,19,125,112,613,334,58864,7934,2126,178,1127,175,999,155
2468 TIERRA BUENA ROAD YUBA CITY CA 95993,CA5105009,"c(-121.6633562, 39.1634025)",06101050601,"Census Tract 506.01, Sutter County, California",5978,653,3782,577,2,4,105,74,1230,453,91,83,495,308,273,234,91514,25426,2037,258,1611,254,426,122
2120 FIG LANE CORNING CA 96021,CA5200516,"c(-122.1966098, 39.9213609)",06103001102,"Census Tract 11.02, Tehama County, California",4492,704,3157,547,46,81,77,98,52,83,0,13,675,459,485,538,46393,24046,1748,284,825,234,923,235
8255 HIGHWAY 99 E LOS MOLINOS CA 96055,CA5200550,"c(-122.1001844, 40.0354856)",06103000900,"Census Tract 9, Tehama County, California",3481,549,2866,448,0,13,20,17,58,57,0,13,176,132,361,267,47065,17682,1288,158,824,122,464,133
25095 TEHAMA VINA ROAD LOS MOLINOS CA 96055,CA5201137,"c(-122.102108, 40.030265)",06103000900,"Census Tract 9, Tehama County, California",3481,549,2866,448,0,13,20,17,58,57,0,13,176,132,361,267,47065,17682,1288,158,824,122,464,133
415 3rd Ave. Lewiston CA 96052,CA5301003,"c(-122.8064394, 40.7013458)",06105000101,"Census Tract 1.01, Trinity County, California",2656,335,2184,301,1,2,214,131,109,108,0,13,71,38,77,88,47817,5254,1186,140,903,126,283,89
7480 AVENUE 308 VISALIA CA 93291,CA5400507,"c(-119.4076498, 36.3497424)",06107000901,"Census Tract 9.01, Tulare County, California",6365,1139,3235,836,22,35,53,81,526,94,14,25,1965,812,550,592,52425,28192,1649,261,1065,177,584,261
612 S CHINOWTH ST VISALIA CA 93277,CA5400570,"c(-119.3348466, 36.3250489)",06107002008,"Census Tract 20.08, Tulare County, California",2908,583,2244,593,110,97,50,65,96,94,0,13,272,182,136,138,34329,6245,1160,166,141,52,1019,167
59 S. INDIANA STREET PORTERVILLE CA 93257,CA5400600,"c(-119.0355595, 36.064872)",06107004103,"Census Tract 41.03, Tulare County, California",4292,549,3502,440,0,13,0,13,178,180,0,13,206,187,406,387,44887,5505,1122,132,491,173,631,180
1935 N. BEVERLY STREET PORTERVILLE CA 93257,CA5400651,"c(-119.049243, 36.1007963)",06107003504,"Census Tract 35.04, Tulare County, California",6361,1202,3567,849,53,93,251,296,243,326,28,60,1215,648,1004,977,52544,18341,1735,344,1187,318,548,174
4856 Avenue 309 Visalia CA 93291,CA5400957,"c(-119.465039, 36.3515489)",06107000901,"Census Tract 9.01, Tulare County, California",6365,1139,3235,836,22,35,53,81,526,94,14,25,1965,812,550,592,52425,28192,1649,261,1065,177,584,261
2400 W. MID VALLEY AVE VISALIA CA 93277,CA5400966,"c(-119.3182964, 36.2906967)",06107002010,"Census Tract 20.10, Tulare County, California",5878,986,3605,676,269,338,193,159,202,168,12,22,807,551,790,814,81354,27659,1881,288,1462,284,419,136
15641 AVE. 384 VISALIA CA 93292,CA5402039,"c(-119.2225208, 36.4858267)",06107000802,"Census Tract 8.02, Tulare County, California",3329,693,2247,711,0,13,7,9,0,13,0,13,814,425,261,215,73750,29383,1041,235,543,162,498,208
38845 MONSON DR DINUBA CA 93618,CA5402043,"c(-119.3400756, 36.4947902)",06107000304,"Census Tract 3.04, Tulare County, California",4021,1115,2937,958,2,11,32,55,73,77,0,13,855,363,122,88,43984,12513,928,129,408,122,520,92
19743 AVE 344 WOODLAKE CA 93286,CA5403010,"c(-119.1308458, 36.413667)",06107000701,"Census Tract 7.01, Tulare County, California",2530,734,1979,700,10,17,29,26,1,5,0,13,424,242,87,73,34276,7320,929,184,440,85,489,175
2393 E. SPRINGVILLE PORTERVILLE CA 93257,CA5403038,"c(-118.9640757, 36.0549124)",06107003902,"Census Tract 39.02, Tulare County, California",5686,1110,4319,1041,0,19,45,44,181,108,13,23,953,490,175,108,31020,19894,1884,474,976,130,908,456
1465 E TYLER AVE LANE PORTERVILLE CA 93257,CA5403149,"c(-118.98476, 36.059385)",06107003902,"Census Tract 39.02, Tulare County, California",5686,1110,4319,1041,0,19,45,44,181,108,13,23,953,490,175,108,31020,19894,1884,474,976,130,908,456
629 E Date Ave Porterville CA 93257,CA5403202,"c(-119.0030962, 36.057946)",06107003904,"Census Tract 39.04, Tulare County, California",3205,669,2127,455,0,13,4,7,21,32,0,13,901,548,152,157,33426,23675,972,144,567,125,405,137
538 W. MATHENY TULARE CA 93274,CA5410033,"c(-119.3552283, 36.1672262)",06107003100,"Census Tract 31, Tulare County, California",3706,441,2667,396,51,55,46,29,0,13,0,13,535,171,407,320,53092,7764,991,104,390,73,601,92
18 Pinecreat Lake Rd Pinecrest CA 95364,CA5500157,"c(-119.9972222, 38.1908333)",06109003103,"Census Tract 31.03, Tuolumne County, California",944,304,871,295,0,13,1,3,50,69,0,13,0,13,22,20,77875,66615,386,124,251,134,135,111
18249 East Telegraph Road SANTA PAULA CA 93060,CA5601206,"c(-119.0509023, 34.3551837)",06111000600,"Census Tract 6, Ventura County, California",5925,717,5011,774,18,22,56,58,19,26,0,19,532,296,289,158,43517,9296,1767,223,443,87,1324,217
999 E GRANT AVE WINTERS CA 95694,CA5700600,"c(-121.9566207, 38.5303849)",06113011301,"Census Tract 113.01, Yolo County, California",2145,446,1928,448,33,53,0,13,128,152,0,13,43,56,13,21,78300,55121,746,139,380,132,366,129
38925 Aspen St Woodland CA 95695,CA5700649,"c(-121.7854544, 38.6926787)",06113011208,"Census Tract 112.08, Yolo County, California",6590,606,4325,581,113,82,0,19,999,416,0,19,620,440,533,268,89960,24237,2042,217,1378,155,664,186
"515 KENTUCKY AVENUE, woodland, CA 95695",CA5700770,"c(-121.7743277, 38.692433)",06113011208,"Census Tract 112.08, Yolo County, California",6590,606,4325,581,113,82,0,19,999,416,0,19,620,440,533,268,89960,24237,2042,217,1378,155,664,186
8471 LA PORTE RD BROWNSVILLE CA 95919,CA5800807,"c(-121.2918274, 39.4545474)",06115041101,"Census Tract 411.01, Yuba County, California",2751,666,2395,662,112,110,51,65,55,89,1,2,6,10,131,101,57694,16341,1196,242,938,235,258,130
701 General Petroleum Ave Kettleman City CA 93239,CA1600048,"c(-119.9614513, 36.0076977)",06031001601,"Census Tract 16.01, Kings County, California",4418,704,2009,475,26,31,840,175,43,54,0,13,1292,632,208,194,49352,13578,1202,258,418,116,784,267
4532 Rinetti Ln La Canada Flintridge CA 91011,CA1910241,"c(-118.1917564, 34.2018843)",06037460502,"Census Tract 4605.02, Los Angeles County, California",4725,705,2652,662,12,20,0,13,1691,467,0,13,91,68,279,139,216750,54342,1400,152,1307,155,93,49
2272 MEADOWBROOK AVENUEMERCED CA 95340,CA2410008,"c(-120.5263579, 37.3210709)",06047000903,"Census Tract 9.03, Merced County, California",5106,794,2700,781,51,53,0,19,1484,519,0,19,596,399,275,140,50625,11021,1358,304,981,325,377,151
4411 47th Ave Sacramento 95824,CA3410023,"c(-121.4547683, 38.5107582)",06067004604,"Census Tract 46.04, Sacramento County, California",5124,710,1162,401,480,248,20,31,1318,395,144,173,1392,831,608,545,44694,12436,1415,160,559,142,856,169
38280 Gleason St Yermo CA 92398,CA3610118,"c(-116.8250265, 34.9054315)",06071011602,"Census Tract 116.02, San Bernardino County, California",1902,664,1685,603,0,13,0,13,136,217,0,13,0,13,81,89,57097,30917,881,365,479,221,402,290
21060 GEYSERVILLE AVENUE GEYSERVILLE CA 95441,CA4910024,"c(-122.904296, 38.707187)",06097154100,"Census Tract 1541, Sonoma County, California",3686,460,3092,380,30,48,56,60,55,30,17,21,234,141,202,95,119464,17493,1392,136,985,131,407,97
600 Simon Way Oxnard CA 93036,CA5610010,"c(-119.1588027, 34.2395077)",06111005006,"Census Tract 50.06, Ventura County, California",2814,492,2353,412,0,13,0,13,15,24,0,13,199,150,247,260,61016,21011,819,161,460,85,359,147
5160 County Road 99W Dunnigan CA 95937,CA5700712,"c(-121.9526437, 38.8642346)",06113011400,"Census Tract 114, Yolo County, California",4167,656,3247,528,92,95,22,34,35,55,0,13,290,316,481,295,57656,18997,1547,215,894,179,653,172
40041 CA 49 Oakhurst CA 93644,CA2010007,"c(-119.6567705, 37.3332583)",06039000103,"Census Tract 1.03, Madera County, California",4272,631,3867,632,38,62,58,68,25,37,0,13,134,145,150,108,57799,12233,1850,265,1253,244,597,186
32281 Front St Raymond CA 93653,CA2010012,"c(-119.9054503, 37.2178906)",06039000109,"Census Tract 1.09, Madera County, California",2210,345,1893,346,0,13,21,24,26,28,5,9,87,59,178,95,56131,26607,927,141,783,147,144,55
46109 Rd 417 Coarsegold CA 93614,CA2010013,"c(-119.7065182, 37.218923)",06039000110,"Census Tract 1.10, Madera County, California",5084,934,4204,868,81,100,161,115,0,19,0,19,107,89,531,212,72322,3669,1934,310,1819,319,115,72
45735 N Oakview Dr Oakhurst CA 93644,CA2010014,"c(-119.7131478, 37.3442312)",06039000103,"Census Tract 1.03, Madera County, California",4272,631,3867,632,38,62,58,68,25,37,0,13,134,145,150,108,57799,12233,1850,265,1253,244,597,186
1172 ICELAND AVENUEVANDENBERG AFB CA 93437,CA4210700,"c(-120.537612, 34.7180102)",06083980200,"Census Tract 9802, Santa Barbara County, California",3646,541,2316,410,399,186,8,12,170,74,14,17,76,49,663,240,67917,11267,1106,176,0,13,1106,176
3151 Inyo Ct Ione CA 95640,CA0310021,"c(-120.9667595, 38.2714325)",06005000304,"Census Tract 3.04, Amador County, California",4536,640,3946,546,7,14,9,33,23,38,0,13,224,232,327,192,78305,9558,1507,212,1182,214,325,91
622 Jemez Trail Yucca Valley CA 92284,CA3610060,"c(-116.4559718, 34.2416971)",06071010435,"Census Tract 104.35, San Bernardino County, California",2264,356,1885,329,35,57,168,133,24,17,0,13,18,27,134,93,33342,5191,1064,136,822,118,242,120
600 EAST A ST DIXON CA 95620,CA4810009,"c(-121.8161806, 38.444992)",06095253402,"Census Tract 2534.02, Solano County, California",8274,759,5156,1036,113,120,0,19,473,374,2,5,1791,660,739,365,72283,10429,2841,354,1652,269,1189,314
36514 Zante Dr Traver CA 93673,CA5400553,"c(-119.4858671, 36.4539547)",06107000302,"Census Tract 3.02, Tulare County, California",3065,378,2128,330,12,15,0,13,26,30,0,13,543,163,356,254,37786,4512,808,73,331,59,477,70
4522 Cedar Ave Orland 95963,CA1100404,"c(-122.2290696, 39.7567389)",06021010200,"Census Tract 102, Glenn County, California",4960,420,4019,499,16,21,147,113,44,50,0,13,549,304,185,87,59100,10693,1772,196,1277,159,495,113
1320 Larkspur Ct Red Bluff CA 96080,CA5200574,"c(-122.2454256, 40.164091)",06103000701,"Census Tract 7.01, Tehama County, California",4034,579,3566,584,7,13,161,115,27,39,0,13,64,66,209,106,27350,7198,1658,224,592,148,1066,220
21760 OTTAWA RD APPLE VALLEY CA 92307,CA3600010,"c(-117.1888647, 34.4938451)",06071009712,"Census Tract 97.12, San Bernardino County, California",5761,651,4410,486,367,173,130,97,203,294,0,19,472,298,179,138,37656,4717,1901,133,1101,153,800,141
401 S Ventura St Ojai CA 93023,CA5610014,"c(-119.2472982, 34.4445956)",06111000902,"Census Tract 9.02, Ventura County, California",2590,459,2296,476,9,10,3,8,111,82,0,13,101,101,70,51,72188,50121,934,119,512,76,422,131
27971 Sloan Canyon Rd Castaic CA 91384,CA1910247,"c(-118.6269268, 34.4958149)",06037920104,"Census Tract 9201.04, Los Angeles County, California",2939,453,2270,410,28,25,91,103,216,156,0,13,136,99,198,112,132738,14499,844,94,766,95,78,43
24500 Main St Santa Clarita CA 91321,CA1910096,"c(-118.5302762, 34.3816163)",06037920341,"Census Tract 9203.41, Los Angeles County, California",3299,474,1845,553,28,36,0,13,137,182,0,13,1124,430,165,166,48721,9156,770,78,95,49,675,85
24500 Main St Santa Clarita CA 91321,CA1910096,"c(-118.5302762, 34.3816163)",06037920341,"Census Tract 9203.41, Los Angeles County, California",3299,474,1845,553,28,36,0,13,137,182,0,13,1124,430,165,166,48721,9156,770,78,95,49,675,85
29156 Lotusgarden Dr Santa Clarita CA 91387,CA1910250,"c(-118.4024242, 34.4346714)",06037910807,"Census Tract 9108.07, Los Angeles County, California",5825,724,4113,535,290,175,44,52,773,500,0,19,291,151,314,135,107386,11446,1783,174,1455,175,328,83
26521 SUMMIT CIRCLES ANTA CLARITA CA 91350,CA1910017,"c(-118.5092265, 34.4131518)",06037920314,"Census Tract 9203.14, Los Angeles County, California",3200,550,2132,363,57,58,32,42,467,406,0,13,271,111,241,125,114205,20033,945,99,648,69,297,88
29753 Bouquet Canyon Rd Santa Clarita CA 91390,CA1910255,"c(-118.4664481, 34.4770367)",06037920020,"Census Tract 9200.20, Los Angeles County, California",5968,667,4635,539,39,40,35,50,413,93,2,4,469,326,375,208,107969,24488,1824,177,1666,147,158,130
24631 AVENUE ROCKEFELLER VALENCIA CA 91355,CA1910240,"c(-118.5643868, 34.4347362)",06037920121,"Census Tract 9201.21, Los Angeles County, California",9385,927,4569,474,799,627,123,112,2603,489,0,19,496,246,795,478,135132,22483,2780,244,2103,239,677,145
25052 Abraham Ave Mi Wuk Village CA 95346,CA5510016,"c(-120.146742, 38.076402)",06109003103,"Census Tract 31.03, Tuolumne County, California",944,304,871,295,0,13,1,3,50,69,0,13,0,13,22,20,77875,66615,386,124,251,134,135,111
13306 4th St Hickman CA 95323,CA5010026,"c(-120.7508472, 37.6195823)",06099002901,"Census Tract 29.01, Stanislaus County, California",5125,708,4341,686,2,4,5,7,101,63,0,19,154,83,522,263,72798,10171,1719,170,1140,129,579,105
690 Airmen Dr Travis AFB CA 94535,CA4810701,"c(-121.9475204, 38.2692539)",06095252802,"Census Tract 2528.02, Solano County, California",805,283,440,192,108,75,0,13,16,26,144,168,28,29,69,57,62031,25367,158,75,0,13,158,75
221 Fairway Dr Tahoe City CA 96145,CA3110043,"c(-120.1483303, 39.1665888)",06061022200,"Census Tract 222, Placer County, California",868,343,845,337,0,13,0,13,3,7,0,13,1,2,19,28,111014,30586,310,103,224,91,86,56
"6998 WESTLAKE BLVD., TAHOMA CA 96142",CA3110013,"c(-120.1285859, 39.0677751)",06061022300,"Census Tract 223, Placer County, California",456,134,434,139,0,13,0,13,22,32,0,13,0,13,0,13,68977,27081,191,51,166,52,25,22
27234 BOUQUET CANYON ROAD SANTA CLARITA CA 91350,CA1910048,"c(-118.5210012, 34.4354444)",06037920013,"Census Tract 9200.13, Los Angeles County, California",6854,885,3829,516,795,880,15,25,1171,171,249,306,528,386,267,124,130026,29192,2093,179,1823,130,270,157
9475 Riverview Ave Los Molinos CA 96055,CA5200657,"c(-122.1085832, 40.0682468)",06103000100,"Census Tract 1, Tehama County, California",5095,583,4636,566,15,21,57,44,42,42,0,19,165,175,180,94,59554,10423,2069,222,1603,231,466,115
43000 Mountain House Rd Old Station 96071,CA4500022,"c(-121.4355678, 40.6716461)",06089012702,"Census Tract 127.02, Shasta County, California",2461,468,2013,417,9,13,77,98,55,66,0,13,49,61,258,198,50292,9827,1058,214,754,188,304,118
24500 Main St Santa Clarita CA 91321,CA1910096,"c(-118.5302762, 34.3816163)",06037920341,"Census Tract 9203.41, Los Angeles County, California",3299,474,1845,553,28,36,0,13,137,182,0,13,1124,430,165,166,48721,9156,770,78,95,49,675,85
24500 Main St Santa Clarita CA 91321,CA1910096,"c(-118.5302762, 34.3816163)",06037920341,"Census Tract 9203.41, Los Angeles County, California",3299,474,1845,553,28,36,0,13,137,182,0,13,1124,430,165,166,48721,9156,770,78,95,49,675,85
